﻿Designator,Footprint,Quantity,Value,LCSC Part #
"C1, C4, C5",CAP_FG18_TDK,3,10uF,
"C10, C2, C6, C7, C8, C9",K104K10X7RF5UH5_VIS,6,0.1uF,
C3,CAPRB500W50L400T250H550,1,1uF,
D1,CR_DO-41_SDS,1,1N5819,
D2,LED0805N_CML-L,1,LED-red,
J1,AMPHENOL_10118194-0001LF,1,Micro-USB,
"J2, J3",SAMTEC_TS-103-T-A,2,Jumper,
"J4, J5",TE_1776275-2,2,Power-plug,
J6,61302211121,1,LEFT,
J7,61302211121,1,RIGHT,
"R1, R10, R5, R6, R9",RES_CRCW_0805_VIS-L,5,0Ohm,
"R2, R3, R7, R8",0603,4,10kOhm,
R4,RESC2012X60N,1,68Ohm,
"S3, S4",SW_PTS645SK50SMTR92LFS,2,SW,
"TP2, TP3, TP4, TP5, TP8",KEYSTONE_5006,5,5006,
U1,ESP32-S3-WROOM-1_EXP,1,ESP32-S3-WROOM-1-N8,
"U2, U3, U4",CPDQ-L,3,ESD,
U5,SOT-25_TOR-L,1,LDO,
U6,SOIC-16_3.9x9.9mm_P1.27mm,1,CH340C,
U7,SOT236,1,BJT,
